tau,p
0.1750222248692351,6.4269526411422671e-07
-0.095899483315656023,0.0063808164154456363
0.0058000672533306541,0.86897261502836842
-0.057131607081667424,0.10417991605987253
0.043358808945908309,0.21750223324889417
-0.0080483017912666415,0.81894106298131919
-0.027904558088499596,0.42739785020695609
0.020838678112129354,0.55339071671991247
-0.059625447073327509,0.089914758680443935
0.059342056165184315,0.091452043779131353
-0.020441930840728886,0.56096905561651811
