tau,p
0.40954228599773213,5.4853378455942112e-56
0.052728643518235474,0.042392639616261857
0.051238127766500489,0.048578604398691307
0.023914204052172837,0.35730531433248336
-0.0078153148929467221,0.76354475572690383
-0.02582681276015136,0.32015834087341977
0.010459991071910127,0.68722134924758105
0.0065490360242161138,0.80097363465664306
-0.070931402256237966,0.0063274716150986112
-0.05107324770546786,0.049307270044216645
-0.010110445342520948,0.69714747058775006
